StartDevice,StartPort,EndDevice,EndPort,BandWidth,VlanID,VlanMode
mtvr-moose-04,Ethernet0,mtvr-liger-03,Ethernet0,100000,101,Access
mtvr-moose-04,Ethernet2,mtvr-liger-03,Ethernet2,100000,102,Access
mtvr-moose-04,Ethernet4,mtvr-liger-03,Ethernet1,100000,103,Access
mtvr-moose-04,Ethernet6,mtvr-liger-03,Ethernet3,100000,104,Access
mtvr-moose-04,Ethernet8,mtvr-liger-03,Ethernet4,100000,105,Access
mtvr-moose-04,Ethernet10,mtvr-liger-03,Ethernet6,100000,106,Access
mtvr-moose-04,Ethernet12,mtvr-liger-03,Ethernet5,100000,107,Access
mtvr-moose-04,Ethernet14,mtvr-liger-03,Ethernet7,100000,108,Access
mtvr-moose-04,Ethernet16,mtvr-liger-03,Ethernet8,100000,109,Access
mtvr-moose-04,Ethernet18,mtvr-liger-03,Ethernet10,100000,110,Access
mtvr-moose-04,Ethernet20,mtvr-liger-03,Ethernet9,100000,111,Access
mtvr-moose-04,Ethernet22,mtvr-liger-03,Ethernet11,100000,112,Access
mtvr-moose-04,Ethernet24,mtvr-liger-03,Ethernet12,100000,113,Access
mtvr-moose-04,Ethernet26,mtvr-liger-03,Ethernet14,100000,114,Access
mtvr-moose-04,Ethernet28,mtvr-liger-03,Ethernet13,100000,115,Access
mtvr-moose-04,Ethernet30,mtvr-liger-03,Ethernet15,100000,116,Access
mtvr-moose-04,Ethernet32,mtvr-liger-03,Ethernet16,100000,117,Access
mtvr-moose-04,Ethernet34,mtvr-liger-03,Ethernet18,100000,118,Access
mtvr-moose-04,Ethernet36,mtvr-liger-03,Ethernet17,100000,119,Access
mtvr-moose-04,Ethernet38,mtvr-liger-03,Ethernet19,100000,120,Access
mtvr-moose-04,Ethernet40,mtvr-liger-03,Ethernet20,100000,121,Access
mtvr-moose-04,Ethernet42,mtvr-liger-03,Ethernet22,100000,122,Access
mtvr-moose-04,Ethernet44,mtvr-liger-03,Ethernet21,100000,123,Access
mtvr-moose-04,Ethernet46,mtvr-liger-03,Ethernet23,100000,124,Access
mtvr-moose-04,Ethernet48,mtvr-liger-03,Ethernet24,100000,125,Access
mtvr-moose-04,Ethernet50,mtvr-liger-03,Ethernet26,100000,126,Access
mtvr-moose-04,Ethernet52,mtvr-liger-03,Ethernet25,100000,127,Access
mtvr-moose-04,Ethernet54,mtvr-liger-03,Ethernet27,100000,128,Access
mtvr-moose-04,Ethernet56,mtvr-liger-03,Ethernet28,100000,129,Access
mtvr-moose-04,Ethernet58,mtvr-liger-03,Ethernet30,100000,130,Access
mtvr-moose-04,Ethernet60,mtvr-liger-03,Ethernet29,100000,131,Access
mtvr-moose-04,Ethernet62,mtvr-liger-03,Ethernet31,100000,132,Access
mtvr-moose-04,Ethernet64,mtvr-liger-03,Ethernet32,100000,133,Access
mtvr-moose-04,Ethernet66,mtvr-liger-03,Ethernet34,100000,134,Access
mtvr-moose-04,Ethernet68,mtvr-liger-03,Ethernet33,100000,135,Access
mtvr-moose-04,Ethernet70,mtvr-liger-03,Ethernet35,100000,136,Access
mtvr-moose-04,Ethernet72,mtvr-liger-03,Ethernet36,100000,137,Access
mtvr-moose-04,Ethernet74,mtvr-liger-03,Ethernet38,100000,138,Access
mtvr-moose-04,Ethernet76,mtvr-liger-03,Ethernet37,100000,139,Access
mtvr-moose-04,Ethernet78,mtvr-liger-03,Ethernet39,100000,140,Access
mtvr-moose-04,Ethernet80,mtvr-liger-03,Ethernet40,100000,141,Access
mtvr-moose-04,Ethernet82,mtvr-liger-03,Ethernet42,100000,142,Access
mtvr-moose-04,Ethernet84,mtvr-liger-03,Ethernet41,100000,143,Access
mtvr-moose-04,Ethernet86,mtvr-liger-03,Ethernet43,100000,144,Access
mtvr-moose-04,Ethernet88,mtvr-liger-03,Ethernet44,100000,145,Access
mtvr-moose-04,Ethernet90,mtvr-liger-03,Ethernet46,100000,146,Access
mtvr-moose-04,Ethernet92,mtvr-liger-03,Ethernet45,100000,147,Access
mtvr-moose-04,Ethernet94,mtvr-liger-03,Ethernet47,100000,148,Access
mtvr-moose-04,Ethernet96,mtvr-liger-03,Ethernet48,100000,149,Access
mtvr-moose-04,Ethernet98,mtvr-liger-03,Ethernet50,100000,150,Access
mtvr-moose-04,Ethernet100,mtvr-liger-03,Ethernet49,100000,151,Access
mtvr-moose-04,Ethernet102,mtvr-liger-03,Ethernet51,100000,152,Access
mtvr-moose-04,Ethernet104,mtvr-liger-03,Ethernet52,100000,153,Access
mtvr-moose-04,Ethernet106,mtvr-liger-03,Ethernet54,100000,154,Access
mtvr-moose-04,Ethernet108,mtvr-liger-03,Ethernet53,100000,155,Access
mtvr-moose-04,Ethernet110,mtvr-liger-03,Ethernet55,100000,156,Access
mtvr-moose-04,Ethernet112,mtvr-liger-03,Ethernet56,100000,157,Access
mtvr-moose-04,Ethernet114,mtvr-liger-03,Ethernet58,100000,158,Access
mtvr-moose-04,Ethernet116,mtvr-liger-03,Ethernet57,100000,159,Access
mtvr-moose-04,Ethernet118,mtvr-liger-03,Ethernet59,100000,160,Access
mtvr-moose-04,Ethernet120,mtvr-liger-03,Ethernet60,100000,161,Access
mtvr-moose-04,Ethernet122,mtvr-liger-03,Ethernet62,100000,162,Access
mtvr-moose-04,Ethernet124,mtvr-liger-03,Ethernet61,100000,163,Access
mtvr-moose-04,Ethernet126,mtvr-liger-03,Ethernet63,100000,164,Access
mtvr-moose-04,Ethernet128,mtvr-liger-03,Ethernet64,100000,165,Access
mtvr-moose-04,Ethernet130,mtvr-liger-03,Ethernet66,100000,166,Access
mtvr-moose-04,Ethernet132,mtvr-liger-03,Ethernet65,100000,167,Access
mtvr-moose-04,Ethernet134,mtvr-liger-03,Ethernet67,100000,168,Access
mtvr-moose-04,Ethernet136,mtvr-liger-03,Ethernet68,100000,169,Access
mtvr-moose-04,Ethernet138,mtvr-liger-03,Ethernet70,100000,170,Access
mtvr-moose-04,Ethernet140,mtvr-liger-03,Ethernet69,100000,171,Access
mtvr-moose-04,Ethernet142,mtvr-liger-03,Ethernet71,100000,172,Access
mtvr-moose-04,Ethernet144,mtvr-liger-03,Ethernet72,100000,173,Access
mtvr-moose-04,Ethernet146,mtvr-liger-03,Ethernet74,100000,174,Access
mtvr-moose-04,Ethernet148,mtvr-liger-03,Ethernet73,100000,175,Access
mtvr-moose-04,Ethernet150,mtvr-liger-03,Ethernet75,100000,176,Access
mtvr-moose-04,Ethernet152,mtvr-liger-03,Ethernet76,100000,177,Access
mtvr-moose-04,Ethernet154,mtvr-liger-03,Ethernet78,100000,178,Access
mtvr-moose-04,Ethernet156,mtvr-liger-03,Ethernet77,100000,179,Access
mtvr-moose-04,Ethernet158,mtvr-liger-03,Ethernet79,100000,180,Access
mtvr-moose-04,Ethernet160,mtvr-liger-03,Ethernet80,100000,181,Access
mtvr-moose-04,Ethernet162,mtvr-liger-03,Ethernet82,100000,182,Access
mtvr-moose-04,Ethernet164,mtvr-liger-03,Ethernet81,100000,183,Access
mtvr-moose-04,Ethernet166,mtvr-liger-03,Ethernet83,100000,184,Access
mtvr-moose-04,Ethernet168,mtvr-liger-03,Ethernet84,100000,185,Access
mtvr-moose-04,Ethernet170,mtvr-liger-03,Ethernet86,100000,186,Access
mtvr-moose-04,Ethernet172,mtvr-liger-03,Ethernet85,100000,187,Access
mtvr-moose-04,Ethernet174,mtvr-liger-03,Ethernet87,100000,188,Access
mtvr-moose-04,Ethernet176,mtvr-liger-03,Ethernet88,100000,189,Access
mtvr-moose-04,Ethernet178,mtvr-liger-03,Ethernet90,100000,190,Access
mtvr-moose-04,Ethernet180,mtvr-liger-03,Ethernet89,100000,191,Access
mtvr-moose-04,Ethernet182,mtvr-liger-03,Ethernet91,100000,192,Access
mtvr-moose-04,Ethernet184,mtvr-liger-03,Ethernet92,100000,193,Access
mtvr-moose-04,Ethernet186,mtvr-liger-03,Ethernet94,100000,194,Access
mtvr-moose-04,Ethernet188,mtvr-liger-03,Ethernet93,100000,195,Access
mtvr-moose-04,Ethernet190,mtvr-liger-03,Ethernet95,100000,196,Access
mtvr-moose-04,Ethernet192,mtvr-liger-03,Ethernet96,100000,197,Access
mtvr-moose-04,Ethernet194,mtvr-liger-03,Ethernet98,100000,198,Access
mtvr-moose-04,Ethernet196,mtvr-liger-03,Ethernet97,100000,199,Access
mtvr-moose-04,Ethernet198,mtvr-liger-03,Ethernet99,100000,200,Access
mtvr-moose-04,Ethernet200,mtvr-liger-03,Ethernet100,100000,201,Access
mtvr-moose-04,Ethernet202,mtvr-liger-03,Ethernet102,100000,202,Access
mtvr-moose-04,Ethernet204,mtvr-liger-03,Ethernet101,100000,203,Access
mtvr-moose-04,Ethernet206,mtvr-liger-03,Ethernet103,100000,204,Access
mtvr-moose-04,Ethernet208,mtvr-liger-03,Ethernet104,100000,205,Access
mtvr-moose-04,Ethernet210,mtvr-liger-03,Ethernet106,100000,206,Access
mtvr-moose-04,Ethernet212,mtvr-liger-03,Ethernet105,100000,207,Access
mtvr-moose-04,Ethernet214,mtvr-liger-03,Ethernet107,100000,208,Access
mtvr-moose-04,Ethernet216,mtvr-liger-03,Ethernet108,100000,209,Access
mtvr-moose-04,Ethernet218,mtvr-liger-03,Ethernet110,100000,210,Access
mtvr-moose-04,Ethernet220,mtvr-liger-03,Ethernet109,100000,211,Access
mtvr-moose-04,Ethernet222,mtvr-liger-03,Ethernet111,100000,212,Access
mtvr-moose-04,Ethernet224,mtvr-liger-03,Ethernet112,100000,213,Access
mtvr-moose-04,Ethernet226,mtvr-liger-03,Ethernet114,100000,214,Access
mtvr-moose-04,Ethernet228,mtvr-liger-03,Ethernet113,100000,215,Access
mtvr-moose-04,Ethernet230,mtvr-liger-03,Ethernet115,100000,216,Access
mtvr-moose-04,Ethernet232,mtvr-liger-03,Ethernet116,100000,217,Access
mtvr-moose-04,Ethernet234,mtvr-liger-03,Ethernet118,100000,218,Access
mtvr-moose-04,Ethernet236,mtvr-liger-03,Ethernet117,100000,219,Access
mtvr-moose-04,Ethernet238,mtvr-liger-03,Ethernet119,100000,220,Access
mtvr-moose-04,Ethernet240,mtvr-liger-03,Ethernet120,100000,221,Access
mtvr-moose-04,Ethernet242,mtvr-liger-03,Ethernet122,100000,222,Access
mtvr-moose-04,Ethernet244,mtvr-liger-03,Ethernet121,100000,223,Access
mtvr-moose-04,Ethernet246,mtvr-liger-03,Ethernet123,100000,224,Access
mtvr-moose-04,Ethernet248,mtvr-liger-03,Ethernet124,100000,225,Access
mtvr-moose-04,Ethernet250,mtvr-liger-03,Ethernet126,100000,226,Access
mtvr-moose-04,Ethernet252,mtvr-liger-03,Ethernet125,100000,227,Access
mtvr-moose-04,Ethernet254,mtvr-liger-03,Ethernet127,100000,228,Access
mtvr-moose-04,Ethernet256,mtvr-liger-03,Ethernet128,100000,229,Access
mtvr-moose-04,Ethernet258,mtvr-liger-03,Ethernet130,100000,230,Access
mtvr-moose-04,Ethernet260,mtvr-liger-03,Ethernet129,100000,231,Access
mtvr-moose-04,Ethernet262,mtvr-liger-03,Ethernet131,100000,232,Access
mtvr-moose-04,Ethernet264,mtvr-liger-03,Ethernet132,100000,233,Access
mtvr-moose-04,Ethernet266,mtvr-liger-03,Ethernet134,100000,234,Access
mtvr-moose-04,Ethernet268,mtvr-liger-03,Ethernet133,100000,235,Access
mtvr-moose-04,Ethernet270,mtvr-liger-03,Ethernet135,100000,236,Access
mtvr-moose-04,Ethernet272,mtvr-liger-03,Ethernet136,100000,237,Access
mtvr-moose-04,Ethernet274,mtvr-liger-03,Ethernet138,100000,238,Access
mtvr-moose-04,Ethernet276,mtvr-liger-03,Ethernet137,100000,239,Access
mtvr-moose-04,Ethernet278,mtvr-liger-03,Ethernet139,100000,240,Access
mtvr-moose-04,Ethernet280,mtvr-liger-03,Ethernet140,100000,241,Access
mtvr-moose-04,Ethernet282,mtvr-liger-03,Ethernet142,100000,242,Access
mtvr-moose-04,Ethernet284,mtvr-liger-03,Ethernet141,100000,243,Access
mtvr-moose-04,Ethernet286,mtvr-liger-03,Ethernet143,100000,244,Access
mtvr-moose-04,Ethernet288,mtvr-liger-03,Ethernet144,100000,245,Access
mtvr-moose-04,Ethernet290,mtvr-liger-03,Ethernet146,100000,246,Access
mtvr-moose-04,Ethernet292,mtvr-liger-03,Ethernet145,100000,247,Access
mtvr-moose-04,Ethernet294,mtvr-liger-03,Ethernet147,100000,248,Access
mtvr-moose-04,Ethernet296,mtvr-liger-03,Ethernet148,100000,249,Access
mtvr-moose-04,Ethernet298,mtvr-liger-03,Ethernet150,100000,250,Access
mtvr-moose-04,Ethernet300,mtvr-liger-03,Ethernet149,100000,251,Access
mtvr-moose-04,Ethernet302,mtvr-liger-03,Ethernet151,100000,252,Access
mtvr-moose-04,Ethernet304,mtvr-liger-03,Ethernet152,100000,253,Access
mtvr-moose-04,Ethernet306,mtvr-liger-03,Ethernet154,100000,254,Access
mtvr-moose-04,Ethernet308,mtvr-liger-03,Ethernet153,100000,255,Access
mtvr-moose-04,Ethernet310,mtvr-liger-03,Ethernet155,100000,256,Access
mtvr-moose-04,Ethernet312,mtvr-liger-03,Ethernet156,100000,257,Access
mtvr-moose-04,Ethernet314,mtvr-liger-03,Ethernet158,100000,258,Access
mtvr-moose-04,Ethernet316,mtvr-liger-03,Ethernet157,100000,259,Access
mtvr-moose-04,Ethernet318,mtvr-liger-03,Ethernet159,100000,260,Access
mtvr-moose-04,Ethernet320,mtvr-liger-03,Ethernet160,100000,261,Access
mtvr-moose-04,Ethernet322,mtvr-liger-03,Ethernet162,100000,262,Access
mtvr-moose-04,Ethernet324,mtvr-liger-03,Ethernet161,100000,263,Access
mtvr-moose-04,Ethernet326,mtvr-liger-03,Ethernet163,100000,264,Access
mtvr-moose-04,Ethernet328,mtvr-liger-03,Ethernet164,100000,265,Access
mtvr-moose-04,Ethernet330,mtvr-liger-03,Ethernet166,100000,266,Access
mtvr-moose-04,Ethernet332,mtvr-liger-03,Ethernet165,100000,267,Access
mtvr-moose-04,Ethernet334,mtvr-liger-03,Ethernet167,100000,268,Access
mtvr-moose-04,Ethernet336,mtvr-liger-03,Ethernet168,100000,269,Access
mtvr-moose-04,Ethernet338,mtvr-liger-03,Ethernet170,100000,270,Access
mtvr-moose-04,Ethernet340,mtvr-liger-03,Ethernet169,100000,271,Access
mtvr-moose-04,Ethernet342,mtvr-liger-03,Ethernet171,100000,272,Access
mtvr-moose-04,Ethernet344,mtvr-liger-03,Ethernet172,100000,273,Access
mtvr-moose-04,Ethernet346,mtvr-liger-03,Ethernet174,100000,274,Access
mtvr-moose-04,Ethernet348,mtvr-liger-03,Ethernet173,100000,275,Access
mtvr-moose-04,Ethernet350,mtvr-liger-03,Ethernet175,100000,276,Access
mtvr-moose-04,Ethernet352,mtvr-liger-03,Ethernet176,100000,277,Access
mtvr-moose-04,Ethernet354,mtvr-liger-03,Ethernet178,100000,278,Access
mtvr-moose-04,Ethernet356,mtvr-liger-03,Ethernet177,100000,279,Access
mtvr-moose-04,Ethernet358,mtvr-liger-03,Ethernet179,100000,280,Access
mtvr-moose-04,Ethernet360,mtvr-liger-03,Ethernet180,100000,281,Access
mtvr-moose-04,Ethernet362,mtvr-liger-03,Ethernet182,100000,282,Access
mtvr-moose-04,Ethernet364,mtvr-liger-03,Ethernet181,100000,283,Access
mtvr-moose-04,Ethernet366,mtvr-liger-03,Ethernet183,100000,284,Access
mtvr-moose-04,Ethernet368,mtvr-liger-03,Ethernet184,100000,285,Access
mtvr-moose-04,Ethernet370,mtvr-liger-03,Ethernet186,100000,286,Access
mtvr-moose-04,Ethernet372,mtvr-liger-03,Ethernet185,100000,287,Access
mtvr-moose-04,Ethernet374,mtvr-liger-03,Ethernet187,100000,288,Access
mtvr-moose-04,Ethernet376,mtvr-liger-03,Ethernet188,100000,289,Access
mtvr-moose-04,Ethernet378,mtvr-liger-03,Ethernet190,100000,290,Access
mtvr-moose-04,Ethernet380,mtvr-liger-03,Ethernet189,100000,291,Access
mtvr-moose-04,Ethernet382,mtvr-liger-03,Ethernet191,100000,292,Access
mtvr-moose-04,Ethernet384,mtvr-liger-03,Ethernet192,100000,293,Access
mtvr-moose-04,Ethernet386,mtvr-liger-03,Ethernet194,100000,294,Access
mtvr-moose-04,Ethernet388,mtvr-liger-03,Ethernet193,100000,295,Access
mtvr-moose-04,Ethernet390,mtvr-liger-03,Ethernet195,100000,296,Access
mtvr-moose-04,Ethernet392,mtvr-liger-03,Ethernet196,100000,297,Access
mtvr-moose-04,Ethernet394,mtvr-liger-03,Ethernet198,100000,298,Access
mtvr-moose-04,Ethernet396,mtvr-liger-03,Ethernet197,100000,299,Access
mtvr-moose-04,Ethernet398,mtvr-liger-03,Ethernet199,100000,300,Access
mtvr-moose-04,Ethernet400,mtvr-liger-03,Ethernet200,100000,301,Access
mtvr-moose-04,Ethernet402,mtvr-liger-03,Ethernet202,100000,302,Access
mtvr-moose-04,Ethernet404,mtvr-liger-03,Ethernet201,100000,303,Access
mtvr-moose-04,Ethernet406,mtvr-liger-03,Ethernet203,100000,304,Access
mtvr-moose-04,Ethernet408,mtvr-liger-03,Ethernet204,100000,305,Access
mtvr-moose-04,Ethernet410,mtvr-liger-03,Ethernet206,100000,306,Access
mtvr-moose-04,Ethernet412,mtvr-liger-03,Ethernet205,100000,307,Access
mtvr-moose-04,Ethernet414,mtvr-liger-03,Ethernet207,100000,308,Access
mtvr-moose-04,Ethernet416,mtvr-liger-03,Ethernet208,100000,309,Access
mtvr-moose-04,Ethernet418,mtvr-liger-03,Ethernet210,100000,310,Access
mtvr-moose-04,Ethernet420,mtvr-liger-03,Ethernet209,100000,311,Access
mtvr-moose-04,Ethernet422,mtvr-liger-03,Ethernet211,100000,312,Access
mtvr-moose-04,Ethernet424,mtvr-liger-03,Ethernet212,100000,313,Access
mtvr-moose-04,Ethernet426,mtvr-liger-03,Ethernet214,100000,314,Access
mtvr-moose-04,Ethernet428,mtvr-liger-03,Ethernet213,100000,315,Access
mtvr-moose-04,Ethernet430,mtvr-liger-03,Ethernet215,100000,316,Access
mtvr-moose-04,Ethernet432,mtvr-liger-03,Ethernet216,100000,317,Access
mtvr-moose-04,Ethernet434,mtvr-liger-03,Ethernet218,100000,318,Access
mtvr-moose-04,Ethernet436,mtvr-liger-03,Ethernet217,100000,319,Access
mtvr-moose-04,Ethernet438,mtvr-liger-03,Ethernet219,100000,320,Access
mtvr-moose-04,Ethernet440,mtvr-liger-03,Ethernet220,100000,321,Access
mtvr-moose-04,Ethernet442,mtvr-liger-03,Ethernet222,100000,322,Access
mtvr-moose-04,Ethernet444,mtvr-liger-03,Ethernet221,100000,323,Access
mtvr-moose-04,Ethernet446,mtvr-liger-03,Ethernet223,100000,324,Access
mtvr-moose-04,Ethernet448,mtvr-liger-03,Ethernet224,100000,325,Access
mtvr-moose-04,Ethernet450,mtvr-liger-03,Ethernet226,100000,326,Access
mtvr-moose-04,Ethernet452,mtvr-liger-03,Ethernet225,100000,327,Access
mtvr-moose-04,Ethernet454,mtvr-liger-03,Ethernet227,100000,328,Access
mtvr-moose-04,Ethernet456,mtvr-liger-03,Ethernet228,100000,329,Access
mtvr-moose-04,Ethernet458,mtvr-liger-03,Ethernet230,100000,330,Access
mtvr-moose-04,Ethernet460,mtvr-liger-03,Ethernet229,100000,331,Access
mtvr-moose-04,Ethernet462,mtvr-liger-03,Ethernet231,100000,332,Access
mtvr-moose-04,Ethernet464,mtvr-liger-03,Ethernet232,100000,333,Access
mtvr-moose-04,Ethernet466,mtvr-liger-03,Ethernet234,100000,334,Access
mtvr-moose-04,Ethernet468,mtvr-liger-03,Ethernet233,100000,335,Access
mtvr-moose-04,Ethernet470,mtvr-liger-03,Ethernet235,100000,336,Access
mtvr-moose-04,Ethernet472,mtvr-liger-03,Ethernet236,100000,337,Access
mtvr-moose-04,Ethernet474,mtvr-liger-03,Ethernet238,100000,338,Access
mtvr-moose-04,Ethernet476,mtvr-liger-03,Ethernet237,100000,339,Access
mtvr-moose-04,Ethernet478,mtvr-liger-03,Ethernet239,100000,340,Access
mtvr-moose-04,Ethernet480,mtvr-liger-03,Ethernet240,100000,341,Access
mtvr-moose-04,Ethernet482,mtvr-liger-03,Ethernet242,100000,342,Access
mtvr-moose-04,Ethernet484,mtvr-liger-03,Ethernet241,100000,343,Access
mtvr-moose-04,Ethernet486,mtvr-liger-03,Ethernet243,100000,344,Access
mtvr-moose-04,Ethernet488,mtvr-liger-03,Ethernet244,100000,345,Access
mtvr-moose-04,Ethernet490,mtvr-liger-03,Ethernet246,100000,346,Access
mtvr-moose-04,Ethernet492,mtvr-liger-03,Ethernet245,100000,347,Access
mtvr-moose-04,Ethernet494,mtvr-liger-03,Ethernet247,100000,348,Access
mtvr-moose-04,Ethernet496,mtvr-liger-03,Ethernet248,100000,349,Access
mtvr-moose-04,Ethernet498,mtvr-liger-03,Ethernet250,100000,350,Access
mtvr-moose-04,Ethernet500,mtvr-liger-03,Ethernet249,100000,351,Access
mtvr-moose-04,Ethernet502,mtvr-liger-03,Ethernet251,100000,352,Access
mtvr-liger-03,Ethernet252,mtvr-r740-01,p3p1,200000,101-352,Trunk