StartDevice,StartPort,EndDevice,EndPort,BandWidth,VlanID,VlanMode,AutoNeg
mtvr-bison-02,Ethernet0,mtvr-moose-11,Ethernet0,100000,101,Access,on
mtvr-bison-02,Ethernet1,mtvr-moose-11,Ethernet1,100000,102,Access,on
mtvr-bison-02,Ethernet2,mtvr-moose-11,Ethernet2,100000,103,Access,on
mtvr-bison-02,Ethernet3,mtvr-moose-11,Ethernet3,100000,104,Access,on
mtvr-bison-02,Ethernet4,mtvr-moose-11,Ethernet4,100000,105,Access,on
mtvr-bison-02,Ethernet5,mtvr-moose-11,Ethernet5,100000,106,Access,on
mtvr-bison-02,Ethernet6,mtvr-moose-11,Ethernet6,100000,107,Access,on
mtvr-bison-02,Ethernet7,mtvr-moose-11,Ethernet7,100000,108,Access,on
mtvr-bison-02,Ethernet16,mtvr-moose-11,Ethernet16,100000,109,Access,on
mtvr-bison-02,Ethernet17,mtvr-moose-11,Ethernet17,100000,110,Access,on
mtvr-bison-02,Ethernet18,mtvr-moose-11,Ethernet18,100000,111,Access,on
mtvr-bison-02,Ethernet19,mtvr-moose-11,Ethernet19,100000,112,Access,on
mtvr-bison-02,Ethernet20,mtvr-moose-11,Ethernet20,100000,113,Access,on
mtvr-bison-02,Ethernet21,mtvr-moose-11,Ethernet21,100000,114,Access,on
mtvr-bison-02,Ethernet22,mtvr-moose-11,Ethernet22,100000,115,Access,on
mtvr-bison-02,Ethernet23,mtvr-moose-11,Ethernet23,100000,116,Access,on
mtvr-bison-02,Ethernet32,mtvr-moose-11,Ethernet32,100000,117,Access,on
mtvr-bison-02,Ethernet33,mtvr-moose-11,Ethernet33,100000,118,Access,on
mtvr-bison-02,Ethernet34,mtvr-moose-11,Ethernet34,100000,119,Access,on
mtvr-bison-02,Ethernet35,mtvr-moose-11,Ethernet35,100000,120,Access,on
mtvr-bison-02,Ethernet36,mtvr-moose-11,Ethernet36,100000,121,Access,on
mtvr-bison-02,Ethernet37,mtvr-moose-11,Ethernet37,100000,122,Access,on
mtvr-bison-02,Ethernet38,mtvr-moose-11,Ethernet38,100000,123,Access,on
mtvr-bison-02,Ethernet39,mtvr-moose-11,Ethernet39,100000,124,Access,on
mtvr-bison-02,Ethernet48,mtvr-moose-11,Ethernet48,100000,125,Access,on
mtvr-bison-02,Ethernet49,mtvr-moose-11,Ethernet49,100000,126,Access,on
mtvr-bison-02,Ethernet50,mtvr-moose-11,Ethernet50,100000,127,Access,on
mtvr-bison-02,Ethernet51,mtvr-moose-11,Ethernet51,100000,128,Access,on
mtvr-bison-02,Ethernet52,mtvr-moose-11,Ethernet52,100000,129,Access,on
mtvr-bison-02,Ethernet53,mtvr-moose-11,Ethernet53,100000,130,Access,on
mtvr-bison-02,Ethernet54,mtvr-moose-11,Ethernet54,100000,131,Access,on
mtvr-bison-02,Ethernet55,mtvr-moose-11,Ethernet55,100000,132,Access,on
mtvr-bison-02,Ethernet64,mtvr-moose-11,Ethernet64,100000,133,Access,on
mtvr-bison-02,Ethernet65,mtvr-moose-11,Ethernet65,100000,134,Access,on
mtvr-bison-02,Ethernet66,mtvr-moose-11,Ethernet66,100000,135,Access,on
mtvr-bison-02,Ethernet67,mtvr-moose-11,Ethernet67,100000,136,Access,on
mtvr-bison-02,Ethernet68,mtvr-moose-11,Ethernet68,100000,137,Access,on
mtvr-bison-02,Ethernet69,mtvr-moose-11,Ethernet69,100000,138,Access,on
mtvr-bison-02,Ethernet70,mtvr-moose-11,Ethernet70,100000,139,Access,on
mtvr-bison-02,Ethernet71,mtvr-moose-11,Ethernet71,100000,140,Access,on
mtvr-bison-02,Ethernet80,mtvr-moose-11,Ethernet80,100000,141,Access,on
mtvr-bison-02,Ethernet81,mtvr-moose-11,Ethernet81,100000,142,Access,on
mtvr-bison-02,Ethernet82,mtvr-moose-11,Ethernet82,100000,143,Access,on
mtvr-bison-02,Ethernet83,mtvr-moose-11,Ethernet83,100000,144,Access,on
mtvr-bison-02,Ethernet84,mtvr-moose-11,Ethernet84,100000,145,Access,on
mtvr-bison-02,Ethernet85,mtvr-moose-11,Ethernet85,100000,146,Access,on
mtvr-bison-02,Ethernet86,mtvr-moose-11,Ethernet86,100000,147,Access,on
mtvr-bison-02,Ethernet87,mtvr-moose-11,Ethernet87,100000,148,Access,on
mtvr-bison-02,Ethernet96,mtvr-moose-11,Ethernet96,400000,149,Access,on
mtvr-bison-02,Ethernet100,mtvr-moose-11,Ethernet100,400000,153,Access,on
mtvr-bison-02,Ethernet112,mtvr-moose-11,Ethernet112,100000,157,Access,on
mtvr-bison-02,Ethernet113,mtvr-moose-11,Ethernet113,100000,158,Access,on
mtvr-bison-02,Ethernet114,mtvr-moose-11,Ethernet114,100000,159,Access,on
mtvr-bison-02,Ethernet115,mtvr-moose-11,Ethernet115,100000,160,Access,on
mtvr-bison-02,Ethernet116,mtvr-moose-11,Ethernet116,100000,161,Access,on
mtvr-bison-02,Ethernet117,mtvr-moose-11,Ethernet117,100000,162,Access,on
mtvr-bison-02,Ethernet118,mtvr-moose-11,Ethernet118,100000,163,Access,on
mtvr-bison-02,Ethernet119,mtvr-moose-11,Ethernet119,100000,164,Access,on
mtvr-bison-02,Ethernet128,mtvr-moose-11,Ethernet128,400000,165,Access,on
mtvr-bison-02,Ethernet132,mtvr-moose-11,Ethernet132,400000,169,Access,on
mtvr-bison-02,Ethernet146,mtvr-moose-11,Ethernet146,100000,175,Access,on
mtvr-bison-02,Ethernet147,mtvr-moose-11,Ethernet147,100000,176,Access,on
mtvr-bison-02,Ethernet148,mtvr-moose-11,Ethernet148,100000,177,Access,on
mtvr-bison-02,Ethernet149,mtvr-moose-11,Ethernet149,100000,178,Access,on
mtvr-bison-02,Ethernet150,mtvr-moose-11,Ethernet150,100000,179,Access,on
mtvr-bison-02,Ethernet151,mtvr-moose-11,Ethernet151,100000,180,Access,on
mtvr-bison-02,Ethernet160,mtvr-moose-11,Ethernet160,100000,181,Access,on
mtvr-bison-02,Ethernet161,mtvr-moose-11,Ethernet161,100000,182,Access,on
mtvr-bison-02,Ethernet162,mtvr-moose-11,Ethernet162,100000,183,Access,on
mtvr-bison-02,Ethernet163,mtvr-moose-11,Ethernet163,100000,184,Access,on
mtvr-bison-02,Ethernet164,mtvr-moose-11,Ethernet164,100000,185,Access,on
mtvr-bison-02,Ethernet165,mtvr-moose-11,Ethernet165,100000,186,Access,on
mtvr-bison-02,Ethernet166,mtvr-moose-11,Ethernet166,100000,187,Access,on
mtvr-bison-02,Ethernet167,mtvr-moose-11,Ethernet167,100000,188,Access,on
mtvr-bison-02,Ethernet176,mtvr-moose-11,Ethernet176,100000,189,Access,on
mtvr-bison-02,Ethernet177,mtvr-moose-11,Ethernet177,100000,190,Access,on
mtvr-bison-02,Ethernet178,mtvr-moose-11,Ethernet178,100000,191,Access,on
mtvr-bison-02,Ethernet179,mtvr-moose-11,Ethernet179,100000,192,Access,on
mtvr-bison-02,Ethernet180,mtvr-moose-11,Ethernet180,100000,193,Access,on
mtvr-bison-02,Ethernet181,mtvr-moose-11,Ethernet181,100000,194,Access,on
mtvr-bison-02,Ethernet182,mtvr-moose-11,Ethernet182,100000,195,Access,on
mtvr-bison-02,Ethernet183,mtvr-moose-11,Ethernet183,100000,196,Access,on
mtvr-bison-02,Ethernet192,mtvr-moose-11,Ethernet192,100000,197,Access,on
mtvr-bison-02,Ethernet193,mtvr-moose-11,Ethernet193,100000,198,Access,on
mtvr-bison-02,Ethernet194,mtvr-moose-11,Ethernet194,100000,199,Access,on
mtvr-bison-02,Ethernet195,mtvr-moose-11,Ethernet195,100000,200,Access,on
mtvr-bison-02,Ethernet196,mtvr-moose-11,Ethernet196,100000,201,Access,on
mtvr-bison-02,Ethernet197,mtvr-moose-11,Ethernet197,100000,202,Access,on
mtvr-bison-02,Ethernet198,mtvr-moose-11,Ethernet198,100000,203,Access,on
mtvr-bison-02,Ethernet199,mtvr-moose-11,Ethernet199,100000,204,Access,on
mtvr-bison-02,Ethernet208,mtvr-moose-11,Ethernet208,100000,205,Access,on
mtvr-bison-02,Ethernet209,mtvr-moose-11,Ethernet209,100000,206,Access,on
mtvr-bison-02,Ethernet210,mtvr-moose-11,Ethernet210,100000,207,Access,on
mtvr-bison-02,Ethernet211,mtvr-moose-11,Ethernet211,100000,208,Access,on
mtvr-bison-02,Ethernet212,mtvr-moose-11,Ethernet212,100000,209,Access,on
mtvr-bison-02,Ethernet213,mtvr-moose-11,Ethernet213,100000,210,Access,on
mtvr-bison-02,Ethernet214,mtvr-moose-11,Ethernet214,100000,211,Access,on
mtvr-bison-02,Ethernet215,mtvr-moose-11,Ethernet215,100000,212,Access,on
mtvr-bison-02,Ethernet224,mtvr-moose-11,Ethernet224,100000,213,Access,on
mtvr-bison-02,Ethernet225,mtvr-moose-11,Ethernet225,100000,214,Access,on
mtvr-bison-02,Ethernet226,mtvr-moose-11,Ethernet226,100000,215,Access,on
mtvr-bison-02,Ethernet227,mtvr-moose-11,Ethernet227,100000,216,Access,on
mtvr-bison-02,Ethernet228,mtvr-moose-11,Ethernet228,100000,217,Access,on
mtvr-bison-02,Ethernet229,mtvr-moose-11,Ethernet229,100000,218,Access,on
mtvr-bison-02,Ethernet230,mtvr-moose-11,Ethernet230,100000,219,Access,on
mtvr-bison-02,Ethernet231,mtvr-moose-11,Ethernet231,100000,220,Access,on
mtvr-bison-02,Ethernet240,mtvr-moose-11,Ethernet240,100000,221,Access,on
mtvr-bison-02,Ethernet241,mtvr-moose-11,Ethernet241,100000,222,Access,on
mtvr-bison-02,Ethernet242,mtvr-moose-11,Ethernet242,100000,223,Access,on
mtvr-bison-02,Ethernet243,mtvr-moose-11,Ethernet243,100000,224,Access,on
mtvr-bison-02,Ethernet244,mtvr-moose-11,Ethernet244,100000,225,Access,on
mtvr-bison-02,Ethernet245,mtvr-moose-11,Ethernet245,100000,226,Access,on
mtvr-bison-02,Ethernet246,mtvr-moose-11,Ethernet246,100000,227,Access,on
mtvr-bison-02,Ethernet247,mtvr-moose-11,Ethernet247,100000,228,Access,on
mtvr-bison-02,Ethernet256,mtvr-moose-11,Ethernet256,100000,229,Access,on
mtvr-bison-02,Ethernet257,mtvr-moose-11,Ethernet257,100000,230,Access,on
mtvr-bison-02,Ethernet258,mtvr-moose-11,Ethernet258,100000,231,Access,on
mtvr-bison-02,Ethernet259,mtvr-moose-11,Ethernet259,100000,232,Access,on
mtvr-bison-02,Ethernet260,mtvr-moose-11,Ethernet260,100000,233,Access,on
mtvr-bison-02,Ethernet261,mtvr-moose-11,Ethernet261,100000,234,Access,on
mtvr-bison-02,Ethernet262,mtvr-moose-11,Ethernet262,100000,235,Access,on
mtvr-bison-02,Ethernet263,mtvr-moose-11,Ethernet263,100000,236,Access,on
mtvr-bison-02,Ethernet272,mtvr-moose-11,Ethernet272,100000,237,Access,on
mtvr-bison-02,Ethernet273,mtvr-moose-11,Ethernet273,100000,238,Access,on
mtvr-bison-02,Ethernet274,mtvr-moose-11,Ethernet274,100000,239,Access,on
mtvr-bison-02,Ethernet275,mtvr-moose-11,Ethernet275,100000,240,Access,on
mtvr-bison-02,Ethernet276,mtvr-moose-11,Ethernet276,100000,241,Access,on
mtvr-bison-02,Ethernet277,mtvr-moose-11,Ethernet277,100000,242,Access,on
mtvr-bison-02,Ethernet278,mtvr-moose-11,Ethernet278,100000,243,Access,on
mtvr-bison-02,Ethernet279,mtvr-moose-11,Ethernet279,100000,244,Access,on
mtvr-bison-02,Ethernet288,mtvr-moose-11,Ethernet288,100000,245,Access,on
mtvr-bison-02,Ethernet289,mtvr-moose-11,Ethernet289,100000,246,Access,on
mtvr-bison-02,Ethernet290,mtvr-moose-11,Ethernet290,100000,247,Access,on
mtvr-bison-02,Ethernet291,mtvr-moose-11,Ethernet291,100000,248,Access,on
mtvr-bison-02,Ethernet292,mtvr-moose-11,Ethernet292,100000,249,Access,on
mtvr-bison-02,Ethernet293,mtvr-moose-11,Ethernet293,100000,250,Access,on
mtvr-bison-02,Ethernet294,mtvr-moose-11,Ethernet294,100000,251,Access,on
mtvr-bison-02,Ethernet295,mtvr-moose-11,Ethernet295,100000,252,Access,on
mtvr-bison-02,Ethernet304,mtvr-moose-11,Ethernet304,100000,253,Access,on
mtvr-bison-02,Ethernet305,mtvr-moose-11,Ethernet305,100000,254,Access,on
mtvr-bison-02,Ethernet306,mtvr-moose-11,Ethernet306,100000,255,Access,on
mtvr-bison-02,Ethernet307,mtvr-moose-11,Ethernet307,100000,256,Access,on
mtvr-bison-02,Ethernet308,mtvr-moose-11,Ethernet308,100000,257,Access,on
mtvr-bison-02,Ethernet309,mtvr-moose-11,Ethernet309,100000,258,Access,on
mtvr-bison-02,Ethernet310,mtvr-moose-11,Ethernet310,100000,259,Access,on
mtvr-bison-02,Ethernet311,mtvr-moose-11,Ethernet311,100000,260,Access,on
mtvr-bison-02,Ethernet320,mtvr-moose-11,Ethernet320,100000,261,Access,on
mtvr-bison-02,Ethernet321,mtvr-moose-11,Ethernet321,100000,262,Access,on
mtvr-bison-02,Ethernet322,mtvr-moose-11,Ethernet322,100000,263,Access,on
mtvr-bison-02,Ethernet323,mtvr-moose-11,Ethernet323,100000,264,Access,on
mtvr-bison-02,Ethernet324,mtvr-moose-11,Ethernet324,100000,265,Access,on
mtvr-bison-02,Ethernet325,mtvr-moose-11,Ethernet325,100000,266,Access,on
mtvr-bison-02,Ethernet326,mtvr-moose-11,Ethernet326,100000,267,Access,on
mtvr-bison-02,Ethernet327,mtvr-moose-11,Ethernet327,100000,268,Access,on
mtvr-bison-02,Ethernet336,mtvr-moose-11,Ethernet336,100000,269,Access,on
mtvr-bison-02,Ethernet337,mtvr-moose-11,Ethernet337,100000,270,Access,on
mtvr-bison-02,Ethernet338,mtvr-moose-11,Ethernet338,100000,271,Access,on
mtvr-bison-02,Ethernet339,mtvr-moose-11,Ethernet339,100000,272,Access,on
mtvr-bison-02,Ethernet340,mtvr-moose-11,Ethernet340,100000,273,Access,on
mtvr-bison-02,Ethernet341,mtvr-moose-11,Ethernet341,100000,274,Access,on
mtvr-bison-02,Ethernet342,mtvr-moose-11,Ethernet342,100000,275,Access,on
mtvr-bison-02,Ethernet343,mtvr-moose-11,Ethernet343,100000,276,Access,on
mtvr-bison-02,Ethernet352,mtvr-moose-11,Ethernet352,400000,277,Access,on
mtvr-bison-02,Ethernet356,mtvr-moose-11,Ethernet356,400000,281,Access,on
mtvr-bison-02,Ethernet368,mtvr-moose-11,Ethernet368,100000,285,Access,on
mtvr-bison-02,Ethernet369,mtvr-moose-11,Ethernet369,100000,286,Access,on
mtvr-bison-02,Ethernet370,mtvr-moose-11,Ethernet370,100000,287,Access,on
mtvr-bison-02,Ethernet371,mtvr-moose-11,Ethernet371,100000,288,Access,on
mtvr-bison-02,Ethernet372,mtvr-moose-11,Ethernet372,100000,289,Access,on
mtvr-bison-02,Ethernet373,mtvr-moose-11,Ethernet373,100000,290,Access,on
mtvr-bison-02,Ethernet374,mtvr-moose-11,Ethernet374,100000,291,Access,on
mtvr-bison-02,Ethernet375,mtvr-moose-11,Ethernet375,100000,292,Access,on
mtvr-bison-02,Ethernet384,mtvr-moose-11,Ethernet384,400000,293,Access,on
mtvr-bison-02,Ethernet388,mtvr-moose-11,Ethernet388,400000,297,Access,on
mtvr-bison-02,Ethernet400,mtvr-moose-11,Ethernet400,100000,301,Access,on
mtvr-bison-02,Ethernet401,mtvr-moose-11,Ethernet401,100000,302,Access,on
mtvr-bison-02,Ethernet402,mtvr-moose-11,Ethernet402,100000,303,Access,on
mtvr-bison-02,Ethernet403,mtvr-moose-11,Ethernet403,100000,304,Access,on
mtvr-bison-02,Ethernet404,mtvr-moose-11,Ethernet404,100000,305,Access,on
mtvr-bison-02,Ethernet405,mtvr-moose-11,Ethernet405,100000,306,Access,on
mtvr-bison-02,Ethernet406,mtvr-moose-11,Ethernet406,100000,307,Access,on
mtvr-bison-02,Ethernet407,mtvr-moose-11,Ethernet407,100000,308,Access,on
mtvr-bison-02,Ethernet416,mtvr-moose-11,Ethernet416,100000,309,Access,on
mtvr-bison-02,Ethernet417,mtvr-moose-11,Ethernet417,100000,310,Access,on
mtvr-bison-02,Ethernet418,mtvr-moose-11,Ethernet418,100000,311,Access,on
mtvr-bison-02,Ethernet419,mtvr-moose-11,Ethernet419,100000,312,Access,on
mtvr-bison-02,Ethernet420,mtvr-moose-11,Ethernet420,100000,313,Access,on
mtvr-bison-02,Ethernet421,mtvr-moose-11,Ethernet421,100000,314,Access,on
mtvr-bison-02,Ethernet422,mtvr-moose-11,Ethernet422,100000,315,Access,on
mtvr-bison-02,Ethernet423,mtvr-moose-11,Ethernet423,100000,316,Access,on
mtvr-bison-02,Ethernet432,mtvr-moose-11,Ethernet432,100000,317,Access,on
mtvr-bison-02,Ethernet433,mtvr-moose-11,Ethernet433,100000,318,Access,on
mtvr-bison-02,Ethernet434,mtvr-moose-11,Ethernet434,100000,319,Access,on
mtvr-bison-02,Ethernet435,mtvr-moose-11,Ethernet435,100000,320,Access,on
mtvr-bison-02,Ethernet436,mtvr-moose-11,Ethernet436,100000,321,Access,on
mtvr-bison-02,Ethernet437,mtvr-moose-11,Ethernet437,100000,322,Access,on
mtvr-bison-02,Ethernet438,mtvr-moose-11,Ethernet438,100000,323,Access,on
mtvr-bison-02,Ethernet439,mtvr-moose-11,Ethernet439,100000,324,Access,on
mtvr-bison-02,Ethernet448,mtvr-moose-11,Ethernet448,100000,325,Access,on
mtvr-bison-02,Ethernet449,mtvr-moose-11,Ethernet449,100000,326,Access,on
mtvr-bison-02,Ethernet450,mtvr-moose-11,Ethernet450,100000,327,Access,on
mtvr-bison-02,Ethernet451,mtvr-moose-11,Ethernet451,100000,328,Access,on
mtvr-bison-02,Ethernet452,mtvr-moose-11,Ethernet452,100000,329,Access,on
mtvr-bison-02,Ethernet453,mtvr-moose-11,Ethernet453,100000,330,Access,on
mtvr-bison-02,Ethernet454,mtvr-moose-11,Ethernet454,100000,331,Access,on
mtvr-bison-02,Ethernet455,mtvr-moose-11,Ethernet455,100000,332,Access,on
mtvr-bison-02,Ethernet464,mtvr-moose-11,Ethernet464,100000,333,Access,on
mtvr-bison-02,Ethernet465,mtvr-moose-11,Ethernet465,100000,334,Access,on
mtvr-bison-02,Ethernet466,mtvr-moose-11,Ethernet466,100000,335,Access,on
mtvr-bison-02,Ethernet467,mtvr-moose-11,Ethernet467,100000,336,Access,on
mtvr-bison-02,Ethernet468,mtvr-moose-11,Ethernet468,100000,337,Access,on
mtvr-bison-02,Ethernet469,mtvr-moose-11,Ethernet469,100000,338,Access,on
mtvr-bison-02,Ethernet470,mtvr-moose-11,Ethernet470,100000,339,Access,on
mtvr-bison-02,Ethernet471,mtvr-moose-11,Ethernet471,100000,340,Access,on
mtvr-bison-02,Ethernet480,mtvr-moose-11,Ethernet480,100000,341,Access,on
mtvr-bison-02,Ethernet481,mtvr-moose-11,Ethernet481,100000,342,Access,on
mtvr-bison-02,Ethernet482,mtvr-moose-11,Ethernet482,100000,343,Access,on
mtvr-bison-02,Ethernet483,mtvr-moose-11,Ethernet483,100000,344,Access,on
mtvr-bison-02,Ethernet484,mtvr-moose-11,Ethernet484,100000,345,Access,on
mtvr-bison-02,Ethernet485,mtvr-moose-11,Ethernet485,100000,346,Access,on
mtvr-bison-02,Ethernet486,mtvr-moose-11,Ethernet486,100000,347,Access,on
mtvr-bison-02,Ethernet487,mtvr-moose-11,Ethernet487,100000,348,Access,on
mtvr-bison-02,Ethernet496,mtvr-moose-11,Ethernet496,100000,349,Access,on
mtvr-bison-02,Ethernet497,mtvr-moose-11,Ethernet497,100000,350,Access,on
mtvr-bison-02,Ethernet498,mtvr-moose-11,Ethernet498,100000,351,Access,on
mtvr-bison-02,Ethernet499,mtvr-moose-11,Ethernet499,100000,352,Access,on
mtvr-bison-02,Ethernet500,mtvr-moose-11,Ethernet500,100000,353,Access,on
mtvr-bison-02,Ethernet501,mtvr-moose-11,Ethernet501,100000,354,Access,on
mtvr-bison-02,Ethernet502,mtvr-moose-11,Ethernet502,100000,355,Access,on
mtvr-bison-02,Ethernet503,mtvr-moose-11,Ethernet503,100000,356,Access,on
mtvr-moose-11,Ethernet512,mtvr-dl360-02,p1p2,25000,101-356,Trunk,on