StartDevice,StartPort,EndDevice,EndPort,BandWidth,VlanID,VlanMode,AutoNeg
mtvr-moose-04,Ethernet0,mtvr-liger-03,Ethernet0,50000,101,Access,True
mtvr-moose-04,Ethernet1,mtvr-liger-03,Ethernet1,50000,102,Access,True
mtvr-moose-04,Ethernet2,mtvr-liger-03,Ethernet2,50000,103,Access,True
mtvr-moose-04,Ethernet3,mtvr-liger-03,Ethernet3,50000,104,Access,True
mtvr-moose-04,Ethernet4,mtvr-liger-03,Ethernet4,50000,105,Access,True
mtvr-moose-04,Ethernet5,mtvr-liger-03,Ethernet5,50000,106,Access,True
mtvr-moose-04,Ethernet6,mtvr-liger-03,Ethernet6,50000,107,Access,True
mtvr-moose-04,Ethernet7,mtvr-liger-03,Ethernet7,50000,108,Access,True
mtvr-moose-04,Ethernet16,mtvr-liger-03,Ethernet8,50000,109,Access,True
mtvr-moose-04,Ethernet17,mtvr-liger-03,Ethernet9,50000,110,Access,True
mtvr-moose-04,Ethernet18,mtvr-liger-03,Ethernet10,50000,111,Access,True
mtvr-moose-04,Ethernet19,mtvr-liger-03,Ethernet11,50000,112,Access,True
mtvr-moose-04,Ethernet20,mtvr-liger-03,Ethernet12,50000,113,Access,True
mtvr-moose-04,Ethernet21,mtvr-liger-03,Ethernet13,50000,114,Access,True
mtvr-moose-04,Ethernet22,mtvr-liger-03,Ethernet14,50000,115,Access,True
mtvr-moose-04,Ethernet23,mtvr-liger-03,Ethernet15,50000,116,Access,True
mtvr-moose-04,Ethernet32,mtvr-liger-03,Ethernet16,50000,117,Access,True
mtvr-moose-04,Ethernet33,mtvr-liger-03,Ethernet17,50000,118,Access,True
mtvr-moose-04,Ethernet34,mtvr-liger-03,Ethernet18,50000,119,Access,True
mtvr-moose-04,Ethernet35,mtvr-liger-03,Ethernet19,50000,120,Access,True
mtvr-moose-04,Ethernet36,mtvr-liger-03,Ethernet20,50000,121,Access,True
mtvr-moose-04,Ethernet37,mtvr-liger-03,Ethernet21,50000,122,Access,True
mtvr-moose-04,Ethernet38,mtvr-liger-03,Ethernet22,50000,123,Access,True
mtvr-moose-04,Ethernet39,mtvr-liger-03,Ethernet23,50000,124,Access,True
mtvr-moose-04,Ethernet48,mtvr-liger-03,Ethernet24,50000,125,Access,True
mtvr-moose-04,Ethernet49,mtvr-liger-03,Ethernet25,50000,126,Access,True
mtvr-moose-04,Ethernet50,mtvr-liger-03,Ethernet26,50000,127,Access,True
mtvr-moose-04,Ethernet51,mtvr-liger-03,Ethernet27,50000,128,Access,True
mtvr-moose-04,Ethernet52,mtvr-liger-03,Ethernet28,50000,129,Access,True
mtvr-moose-04,Ethernet53,mtvr-liger-03,Ethernet29,50000,130,Access,True
mtvr-moose-04,Ethernet54,mtvr-liger-03,Ethernet30,50000,131,Access,True
mtvr-moose-04,Ethernet55,mtvr-liger-03,Ethernet31,50000,132,Access,True
mtvr-moose-04,Ethernet64,mtvr-liger-03,Ethernet32,50000,133,Access,True
mtvr-moose-04,Ethernet65,mtvr-liger-03,Ethernet33,50000,134,Access,True
mtvr-moose-04,Ethernet66,mtvr-liger-03,Ethernet34,50000,135,Access,True
mtvr-moose-04,Ethernet67,mtvr-liger-03,Ethernet35,50000,136,Access,True
mtvr-moose-04,Ethernet68,mtvr-liger-03,Ethernet36,50000,137,Access,True
mtvr-moose-04,Ethernet69,mtvr-liger-03,Ethernet37,50000,138,Access,True
mtvr-moose-04,Ethernet70,mtvr-liger-03,Ethernet38,50000,139,Access,True
mtvr-moose-04,Ethernet71,mtvr-liger-03,Ethernet39,50000,140,Access,True
mtvr-moose-04,Ethernet80,mtvr-liger-03,Ethernet40,50000,141,Access,True
mtvr-moose-04,Ethernet81,mtvr-liger-03,Ethernet41,50000,142,Access,True
mtvr-moose-04,Ethernet82,mtvr-liger-03,Ethernet42,50000,143,Access,True
mtvr-moose-04,Ethernet83,mtvr-liger-03,Ethernet43,50000,144,Access,True
mtvr-moose-04,Ethernet84,mtvr-liger-03,Ethernet44,50000,145,Access,True
mtvr-moose-04,Ethernet85,mtvr-liger-03,Ethernet45,50000,146,Access,True
mtvr-moose-04,Ethernet86,mtvr-liger-03,Ethernet46,50000,147,Access,True
mtvr-moose-04,Ethernet87,mtvr-liger-03,Ethernet47,50000,148,Access,True
mtvr-moose-04,Ethernet96,mtvr-liger-03,Ethernet48,100000,149,Access,True
mtvr-moose-04,Ethernet100,mtvr-liger-03,Ethernet50,100000,150,Access,True
mtvr-moose-04,Ethernet112,mtvr-liger-03,Ethernet56,50000,151,Access,True
mtvr-moose-04,Ethernet113,mtvr-liger-03,Ethernet57,50000,152,Access,True
mtvr-moose-04,Ethernet114,mtvr-liger-03,Ethernet58,50000,153,Access,True
mtvr-moose-04,Ethernet115,mtvr-liger-03,Ethernet59,50000,154,Access,True
mtvr-moose-04,Ethernet116,mtvr-liger-03,Ethernet60,50000,155,Access,True
mtvr-moose-04,Ethernet117,mtvr-liger-03,Ethernet61,50000,156,Access,True
mtvr-moose-04,Ethernet118,mtvr-liger-03,Ethernet62,50000,157,Access,True
mtvr-moose-04,Ethernet119,mtvr-liger-03,Ethernet63,50000,158,Access,True
mtvr-moose-04,Ethernet128,mtvr-liger-03,Ethernet64,100000,159,Access,True
mtvr-moose-04,Ethernet132,mtvr-liger-03,Ethernet66,100000,160,Access,True
mtvr-moose-04,Ethernet144,mtvr-liger-03,Ethernet72,50000,161,Access,True
mtvr-moose-04,Ethernet145,mtvr-liger-03,Ethernet73,50000,162,Access,True
mtvr-moose-04,Ethernet146,mtvr-liger-03,Ethernet74,50000,163,Access,True
mtvr-moose-04,Ethernet147,mtvr-liger-03,Ethernet75,50000,164,Access,True
mtvr-moose-04,Ethernet148,mtvr-liger-03,Ethernet76,50000,165,Access,True
mtvr-moose-04,Ethernet149,mtvr-liger-03,Ethernet77,50000,166,Access,True
mtvr-moose-04,Ethernet150,mtvr-liger-03,Ethernet78,50000,167,Access,True
mtvr-moose-04,Ethernet151,mtvr-liger-03,Ethernet79,50000,168,Access,True
mtvr-moose-04,Ethernet160,mtvr-liger-03,Ethernet80,50000,169,Access,True
mtvr-moose-04,Ethernet161,mtvr-liger-03,Ethernet81,50000,170,Access,True
mtvr-moose-04,Ethernet162,mtvr-liger-03,Ethernet82,50000,171,Access,True
mtvr-moose-04,Ethernet163,mtvr-liger-03,Ethernet83,50000,172,Access,True
mtvr-moose-04,Ethernet164,mtvr-liger-03,Ethernet84,50000,173,Access,True
mtvr-moose-04,Ethernet165,mtvr-liger-03,Ethernet85,50000,174,Access,True
mtvr-moose-04,Ethernet166,mtvr-liger-03,Ethernet86,50000,175,Access,True
mtvr-moose-04,Ethernet167,mtvr-liger-03,Ethernet87,50000,176,Access,True
mtvr-moose-04,Ethernet176,mtvr-liger-03,Ethernet88,50000,177,Access,True
mtvr-moose-04,Ethernet177,mtvr-liger-03,Ethernet89,50000,178,Access,True
mtvr-moose-04,Ethernet178,mtvr-liger-03,Ethernet90,50000,179,Access,True
mtvr-moose-04,Ethernet179,mtvr-liger-03,Ethernet91,50000,180,Access,True
mtvr-moose-04,Ethernet180,mtvr-liger-03,Ethernet92,50000,181,Access,True
mtvr-moose-04,Ethernet181,mtvr-liger-03,Ethernet93,50000,182,Access,True
mtvr-moose-04,Ethernet182,mtvr-liger-03,Ethernet94,50000,183,Access,True
mtvr-moose-04,Ethernet183,mtvr-liger-03,Ethernet95,50000,184,Access,True
mtvr-moose-04,Ethernet192,mtvr-liger-03,Ethernet96,50000,184,Access,False
mtvr-moose-04,Ethernet193,mtvr-liger-03,Ethernet97,50000,186,Access,False
mtvr-moose-04,Ethernet194,mtvr-liger-03,Ethernet98,50000,187,Access,False
mtvr-moose-04,Ethernet195,mtvr-liger-03,Ethernet99,50000,188,Access,False
mtvr-moose-04,Ethernet196,mtvr-liger-03,Ethernet100,50000,189,Access,False
mtvr-moose-04,Ethernet197,mtvr-liger-03,Ethernet101,50000,190,Access,False
mtvr-moose-04,Ethernet198,mtvr-liger-03,Ethernet102,50000,191,Access,False
mtvr-moose-04,Ethernet199,mtvr-liger-03,Ethernet103,50000,192,Access,False
mtvr-moose-04,Ethernet208,mtvr-liger-03,Ethernet104,50000,193,Access,False
mtvr-moose-04,Ethernet209,mtvr-liger-03,Ethernet105,50000,194,Access,False
mtvr-moose-04,Ethernet210,mtvr-liger-03,Ethernet106,50000,195,Access,False
mtvr-moose-04,Ethernet211,mtvr-liger-03,Ethernet107,50000,196,Access,False
mtvr-moose-04,Ethernet212,mtvr-liger-03,Ethernet108,50000,197,Access,False
mtvr-moose-04,Ethernet213,mtvr-liger-03,Ethernet109,50000,198,Access,False
mtvr-moose-04,Ethernet214,mtvr-liger-03,Ethernet110,50000,199,Access,False
mtvr-moose-04,Ethernet215,mtvr-liger-03,Ethernet111,50000,200,Access,False
mtvr-moose-04,Ethernet224,mtvr-liger-03,Ethernet112,50000,201,Access,True
mtvr-moose-04,Ethernet225,mtvr-liger-03,Ethernet113,50000,202,Access,True
mtvr-moose-04,Ethernet226,mtvr-liger-03,Ethernet114,50000,203,Access,True
mtvr-moose-04,Ethernet227,mtvr-liger-03,Ethernet115,50000,204,Access,True
mtvr-moose-04,Ethernet228,mtvr-liger-03,Ethernet116,50000,205,Access,True
mtvr-moose-04,Ethernet229,mtvr-liger-03,Ethernet117,50000,206,Access,True
mtvr-moose-04,Ethernet230,mtvr-liger-03,Ethernet118,50000,207,Access,True
mtvr-moose-04,Ethernet231,mtvr-liger-03,Ethernet119,50000,208,Access,True
mtvr-moose-04,Ethernet240,mtvr-liger-03,Ethernet120,50000,209,Access,True
mtvr-moose-04,Ethernet241,mtvr-liger-03,Ethernet121,50000,210,Access,True
mtvr-moose-04,Ethernet242,mtvr-liger-03,Ethernet122,50000,211,Access,True
mtvr-moose-04,Ethernet243,mtvr-liger-03,Ethernet123,50000,212,Access,True
mtvr-moose-04,Ethernet244,mtvr-liger-03,Ethernet124,50000,213,Access,True
mtvr-moose-04,Ethernet245,mtvr-liger-03,Ethernet125,50000,214,Access,True
mtvr-moose-04,Ethernet246,mtvr-liger-03,Ethernet126,50000,215,Access,True
mtvr-moose-04,Ethernet247,mtvr-liger-03,Ethernet127,50000,216,Access,True
mtvr-moose-04,Ethernet256,mtvr-liger-03,Ethernet128,50000,217,Access,True
mtvr-moose-04,Ethernet257,mtvr-liger-03,Ethernet129,50000,218,Access,True
mtvr-moose-04,Ethernet258,mtvr-liger-03,Ethernet130,50000,219,Access,True
mtvr-moose-04,Ethernet259,mtvr-liger-03,Ethernet131,50000,220,Access,True
mtvr-moose-04,Ethernet260,mtvr-liger-03,Ethernet132,50000,221,Access,True
mtvr-moose-04,Ethernet261,mtvr-liger-03,Ethernet133,50000,222,Access,True
mtvr-moose-04,Ethernet262,mtvr-liger-03,Ethernet134,50000,223,Access,True
mtvr-moose-04,Ethernet263,mtvr-liger-03,Ethernet135,50000,224,Access,True
mtvr-moose-04,Ethernet272,mtvr-liger-03,Ethernet136,50000,225,Access,True
mtvr-moose-04,Ethernet273,mtvr-liger-03,Ethernet137,50000,226,Access,True
mtvr-moose-04,Ethernet274,mtvr-liger-03,Ethernet138,50000,227,Access,True
mtvr-moose-04,Ethernet275,mtvr-liger-03,Ethernet139,50000,228,Access,True
mtvr-moose-04,Ethernet276,mtvr-liger-03,Ethernet140,50000,229,Access,True
mtvr-moose-04,Ethernet277,mtvr-liger-03,Ethernet141,50000,230,Access,True
mtvr-moose-04,Ethernet278,mtvr-liger-03,Ethernet142,50000,231,Access,True
mtvr-moose-04,Ethernet279,mtvr-liger-03,Ethernet143,50000,232,Access,True
mtvr-moose-04,Ethernet288,mtvr-liger-03,Ethernet144,50000,233,Access,True
mtvr-moose-04,Ethernet289,mtvr-liger-03,Ethernet145,50000,234,Access,True
mtvr-moose-04,Ethernet290,mtvr-liger-03,Ethernet146,50000,235,Access,True
mtvr-moose-04,Ethernet291,mtvr-liger-03,Ethernet147,50000,236,Access,True
mtvr-moose-04,Ethernet292,mtvr-liger-03,Ethernet148,50000,237,Access,True
mtvr-moose-04,Ethernet293,mtvr-liger-03,Ethernet149,50000,238,Access,True
mtvr-moose-04,Ethernet294,mtvr-liger-03,Ethernet150,50000,239,Access,True
mtvr-moose-04,Ethernet295,mtvr-liger-03,Ethernet151,50000,240,Access,True
mtvr-moose-04,Ethernet304,mtvr-liger-03,Ethernet152,50000,241,Access,True
mtvr-moose-04,Ethernet305,mtvr-liger-03,Ethernet153,50000,242,Access,True
mtvr-moose-04,Ethernet306,mtvr-liger-03,Ethernet154,50000,243,Access,True
mtvr-moose-04,Ethernet307,mtvr-liger-03,Ethernet155,50000,244,Access,True
mtvr-moose-04,Ethernet308,mtvr-liger-03,Ethernet156,50000,245,Access,True
mtvr-moose-04,Ethernet309,mtvr-liger-03,Ethernet157,50000,246,Access,True
mtvr-moose-04,Ethernet310,mtvr-liger-03,Ethernet158,50000,247,Access,True
mtvr-moose-04,Ethernet311,mtvr-liger-03,Ethernet159,50000,248,Access,True
mtvr-moose-04,Ethernet320,mtvr-liger-03,Ethernet160,50000,249,Access,True
mtvr-moose-04,Ethernet321,mtvr-liger-03,Ethernet161,50000,250,Access,True
mtvr-moose-04,Ethernet322,mtvr-liger-03,Ethernet162,50000,251,Access,True
mtvr-moose-04,Ethernet323,mtvr-liger-03,Ethernet163,50000,252,Access,True
mtvr-moose-04,Ethernet324,mtvr-liger-03,Ethernet164,50000,253,Access,True
mtvr-moose-04,Ethernet325,mtvr-liger-03,Ethernet165,50000,254,Access,True
mtvr-moose-04,Ethernet326,mtvr-liger-03,Ethernet166,50000,255,Access,True
mtvr-moose-04,Ethernet327,mtvr-liger-03,Ethernet167,50000,256,Access,True
mtvr-moose-04,Ethernet336,mtvr-liger-03,Ethernet168,50000,257,Access,True
mtvr-moose-04,Ethernet337,mtvr-liger-03,Ethernet169,50000,258,Access,True
mtvr-moose-04,Ethernet338,mtvr-liger-03,Ethernet170,50000,259,Access,True
mtvr-moose-04,Ethernet339,mtvr-liger-03,Ethernet171,50000,260,Access,True
mtvr-moose-04,Ethernet340,mtvr-liger-03,Ethernet172,50000,261,Access,True
mtvr-moose-04,Ethernet341,mtvr-liger-03,Ethernet173,50000,262,Access,True
mtvr-moose-04,Ethernet342,mtvr-liger-03,Ethernet174,50000,263,Access,True
mtvr-moose-04,Ethernet343,mtvr-liger-03,Ethernet175,50000,264,Access,True
mtvr-moose-04,Ethernet352,mtvr-liger-03,Ethernet176,100000,265,Access,True
mtvr-moose-04,Ethernet356,mtvr-liger-03,Ethernet178,100000,266,Access,True
mtvr-moose-04,Ethernet368,mtvr-liger-03,Ethernet184,50000,267,Access,True
mtvr-moose-04,Ethernet369,mtvr-liger-03,Ethernet185,50000,268,Access,True
mtvr-moose-04,Ethernet370,mtvr-liger-03,Ethernet186,50000,269,Access,True
mtvr-moose-04,Ethernet371,mtvr-liger-03,Ethernet187,50000,270,Access,True
mtvr-moose-04,Ethernet372,mtvr-liger-03,Ethernet188,50000,271,Access,True
mtvr-moose-04,Ethernet373,mtvr-liger-03,Ethernet189,50000,272,Access,True
mtvr-moose-04,Ethernet374,mtvr-liger-03,Ethernet190,50000,273,Access,True
mtvr-moose-04,Ethernet375,mtvr-liger-03,Ethernet191,50000,274,Access,True
mtvr-moose-04,Ethernet384,mtvr-liger-03,Ethernet192,100000,275,Access,True
mtvr-moose-04,Ethernet388,mtvr-liger-03,Ethernet194,100000,276,Access,True
mtvr-moose-04,Ethernet400,mtvr-liger-03,Ethernet200,50000,277,Access,True
mtvr-moose-04,Ethernet401,mtvr-liger-03,Ethernet201,50000,278,Access,True
mtvr-moose-04,Ethernet402,mtvr-liger-03,Ethernet202,50000,279,Access,True
mtvr-moose-04,Ethernet403,mtvr-liger-03,Ethernet203,50000,280,Access,True
mtvr-moose-04,Ethernet404,mtvr-liger-03,Ethernet204,50000,281,Access,True
mtvr-moose-04,Ethernet405,mtvr-liger-03,Ethernet205,50000,282,Access,True
mtvr-moose-04,Ethernet406,mtvr-liger-03,Ethernet206,50000,283,Access,True
mtvr-moose-04,Ethernet407,mtvr-liger-03,Ethernet207,50000,284,Access,True
mtvr-moose-04,Ethernet416,mtvr-liger-03,Ethernet208,50000,285,Access,True
mtvr-moose-04,Ethernet417,mtvr-liger-03,Ethernet209,50000,286,Access,True
mtvr-moose-04,Ethernet418,mtvr-liger-03,Ethernet210,50000,287,Access,True
mtvr-moose-04,Ethernet419,mtvr-liger-03,Ethernet211,50000,288,Access,True
mtvr-moose-04,Ethernet420,mtvr-liger-03,Ethernet212,50000,289,Access,True
mtvr-moose-04,Ethernet421,mtvr-liger-03,Ethernet213,50000,290,Access,True
mtvr-moose-04,Ethernet422,mtvr-liger-03,Ethernet214,50000,291,Access,True
mtvr-moose-04,Ethernet423,mtvr-liger-03,Ethernet215,50000,292,Access,True
mtvr-moose-04,Ethernet432,mtvr-liger-03,Ethernet216,50000,293,Access,True
mtvr-moose-04,Ethernet433,mtvr-liger-03,Ethernet217,50000,294,Access,True
mtvr-moose-04,Ethernet434,mtvr-liger-03,Ethernet218,50000,295,Access,True
mtvr-moose-04,Ethernet435,mtvr-liger-03,Ethernet219,50000,296,Access,True
mtvr-moose-04,Ethernet436,mtvr-liger-03,Ethernet220,50000,297,Access,True
mtvr-moose-04,Ethernet437,mtvr-liger-03,Ethernet221,50000,298,Access,True
mtvr-moose-04,Ethernet438,mtvr-liger-03,Ethernet222,50000,299,Access,True
mtvr-moose-04,Ethernet439,mtvr-liger-03,Ethernet223,50000,300,Access,True
mtvr-moose-04,Ethernet448,mtvr-liger-03,Ethernet224,50000,301,Access,True
mtvr-moose-04,Ethernet449,mtvr-liger-03,Ethernet225,50000,302,Access,True
mtvr-moose-04,Ethernet450,mtvr-liger-03,Ethernet226,50000,303,Access,True
mtvr-moose-04,Ethernet451,mtvr-liger-03,Ethernet227,50000,304,Access,True
mtvr-moose-04,Ethernet452,mtvr-liger-03,Ethernet228,50000,305,Access,True
mtvr-moose-04,Ethernet453,mtvr-liger-03,Ethernet229,50000,306,Access,True
mtvr-moose-04,Ethernet454,mtvr-liger-03,Ethernet230,50000,307,Access,True
mtvr-moose-04,Ethernet455,mtvr-liger-03,Ethernet231,50000,308,Access,True
mtvr-moose-04,Ethernet464,mtvr-liger-03,Ethernet232,50000,309,Access,True
mtvr-moose-04,Ethernet465,mtvr-liger-03,Ethernet233,50000,310,Access,True
mtvr-moose-04,Ethernet466,mtvr-liger-03,Ethernet234,50000,311,Access,True
mtvr-moose-04,Ethernet467,mtvr-liger-03,Ethernet235,50000,312,Access,True
mtvr-moose-04,Ethernet468,mtvr-liger-03,Ethernet236,50000,313,Access,True
mtvr-moose-04,Ethernet469,mtvr-liger-03,Ethernet237,50000,314,Access,True
mtvr-moose-04,Ethernet470,mtvr-liger-03,Ethernet238,50000,315,Access,True
mtvr-moose-04,Ethernet471,mtvr-liger-03,Ethernet239,50000,316,Access,True
mtvr-moose-04,Ethernet480,mtvr-liger-03,Ethernet240,50000,317,Access,True
mtvr-moose-04,Ethernet481,mtvr-liger-03,Ethernet241,50000,318,Access,True
mtvr-moose-04,Ethernet482,mtvr-liger-03,Ethernet242,50000,319,Access,True
mtvr-moose-04,Ethernet483,mtvr-liger-03,Ethernet243,50000,320,Access,True
mtvr-moose-04,Ethernet484,mtvr-liger-03,Ethernet244,50000,321,Access,True
mtvr-moose-04,Ethernet485,mtvr-liger-03,Ethernet245,50000,322,Access,True
mtvr-moose-04,Ethernet486,mtvr-liger-03,Ethernet246,50000,323,Access,True
mtvr-moose-04,Ethernet487,mtvr-liger-03,Ethernet247,50000,324,Access,True
mtvr-moose-04,Ethernet496,mtvr-liger-03,Ethernet248,50000,325,Access,True
mtvr-moose-04,Ethernet497,mtvr-liger-03,Ethernet249,50000,326,Access,True
mtvr-moose-04,Ethernet498,mtvr-liger-03,Ethernet250,50000,327,Access,True
mtvr-moose-04,Ethernet499,mtvr-liger-03,Ethernet251,50000,328,Access,True
mtvr-moose-04,Ethernet512,mtvr-liger-03,Ethernet255,25000,329,Access,True
mtvr-liger-03,Ethernet252,mtvr-r740-01,p3p1,50000,101-329,Trunk,True